title,url,repository,cited_by_count,cited_by_taxa
A. Engler & K. Krause: Das Pflanzenreich :regni vegetablilis conspectus (Heft 70-71:116) (1919-1920),https://www.biodiversitylibrary.org/page/16814999,biodiversitylibrary.org,1,ALOCASIA LAUTERBACHIANA
"A. Engler: Botanische Jahrbücher fur Systematik, Pflanzengeschichte und Pflanzengeographie (Bd. 25:26) (1898)",https://www.biodiversitylibrary.org/page/208878,biodiversitylibrary.org,1,ALOCASIA LAUTERBACHIANA
A. Hay & R. Wise: The genus Alocasia in Australasia - BLUMEA 35 (1991) (P. 515),https://repository.naturalis.nl/pub/525733,repository.naturalis.nl,5,ALOCASIA BRANCIFOLIA; ALOCASIA BRISBANENSIS; ALOCASIA HOLLRUNGII; ALOCASIA LAUTERBACHIANA; ALOCASIA WENTII
The American Florist: a weekly journal v.7 P.209 (1891-1892),https://www.biodiversitylibrary.org/page/24962991,biodiversitylibrary.org,1,ALOCASIA SANDERIANA
Bibliotheca Botanica (German) Bd.20 (1915): Page 504,https://www.biodiversitylibrary.org/page/47220949,biodiversitylibrary.org,1,ALOCASIA BRISBANENSIS
Blumea 16 (1968) P.116,https://repository.naturalis.nl/pub/525216/BLUM1968016001008.pdf,repository.naturalis.nl,2,ALOCASIA BRANCIFOLIA; ALOCASIA LAUTERBACHIANA
Blumea 35: 519 (1991),http://citeseerx.ist.psu.edu/viewdoc/download?doi=10.1.1.1032.8026&rep=rep1&type=pdf,citeseerx.ist.psu.edu,1,ALOCASIA PYROSPATHA
Blumea Supplement 8,https://www.researchgate.net/profile/Peter-Boyce-2/publication/273238570_Checklist_and_Botanical_Bibliography_of_the_Aroids_of_Malesia_Australia_and_the_Tropical_Western_Pacific_Region/links/5597a14b08ae99aa62c8d8c2/Checklist-and-Botanical-Bibliography-of-the-Aroids-of-Malesia-Australia-and-the-Tropical-Western-Pacific-Region.pdf,researchgate.net,1,ALOCASIA BRANCIFOLIA
"Blumea, V. 38 - Issue 2 P.331- 333 (1994",https://repository.naturalis.nl/pub/525070,repository.naturalis.nl,1,ALOCASIA SIMONSIANA
Bonplandia. Zeitschrift für die gesammte Botanik (Germany) J7 (1859) Page 28,https://www.biodiversitylibrary.org/page/5371891,biodiversitylibrary.org,3,ALOCASIA ACUMINATA; ALOCASIA DECIPIENS; ALOCASIA FALLAX
Bonplandia. Zeitschrift für die gesammte Botanik (Hannover) 10: 148 (1862),https://www.biodiversitylibrary.org/page/28138625,biodiversitylibrary.org,1,ALOCASIA PORTEI
"Botanische Jahrbücher für Systematik, Pflanzengeschichte und Pflanzengeographie V.54 P.90 (1916-1917)",https://www.biodiversitylibrary.org/page/42837763,biodiversitylibrary.org,1,ALOCASIA WENTII
"Botanische Jahrbücher fur Systematik, Pflanzengeschichte und Pflanzengeographie (German) V37: 135 (1905)",https://www.biodiversitylibrary.org/page/12878,biodiversitylibrary.org,1,ALOCASIA CULIONENSIS
"Botanische Jahrbücher fur Systematik, Pflanzengeschichte und Pflanzengeographie v.25: P24",https://www.biodiversitylibrary.org/page/208877,biodiversitylibrary.org,1,ALOCASIA HOLLRUNGII
"Botanisches Jahrbücher für Systematik, Pflanzengeschichte und Pflanzengeographie V.54 (1917) P. 89","https://Botanische Jahrbucher fur Systematik, Pflanzengeschichte und Pflanzengeographie (1881-1923)","botanische jahrbucher fur systematik, pflanzengeschichte und pflanzengeographie (1881-1923)",1,ALOCASIA AEQUILOBA
"Boyce, P.C. | A review of Alocasia (Araceae: Colocasieae) for Thailand including a novel species and new species records from south-west Thailand Thai Forest Bulletin (Botany) 36: 1-17 (2008).",https://li01.tci-thaijo.org/index.php/ThaiForestBulletin/article/view/24171,li01.tci-thaijo.org,2,ALOCASIA ACUMINATA; ALOCASIA PERAKENSIS
Bulletin de l'Herbier Boissier (Switzerland) ser.2 v.1 (1900-1901) Page 670,https://www.biodiversitylibrary.org/page/33938600,biodiversitylibrary.org,1,ALOCASIA ARIFOLIA
Bulletin du Muséum national d'histoire naturelle (France) ser.2:t.11 (1939) Page 417,https://www.biodiversitylibrary.org/page/52515009,biodiversitylibrary.org,1,ALOCASIA DECUMBENS
Bulletin du Muséum national d'histoire naturelle (France) ser.2:t.12 (1940) Page 456,https://www.biodiversitylibrary.org/page/54586874#page/466/mode/1up,biodiversitylibrary.org,1,ALOCASIA DECUMBENS
Bulletino della Società Toscana di Orticultura Anno 4 (1879) P.300,https://babel.hathitrust.org/cgi/pt?id=hvd.32044106327257&seq=308,babel.hathitrust.org,1,ALOCASIA BECCARII
Acta Phytotax. Geobot. 22: 159 (1967),https://www.jstage.jst.go.jp/article/bunruichiri/22/4-6/22_KJ00001078002/_pdf/-char/en,jstage.jst.go.jp,3,ALOCASIA PELTATA; ALOCASIA ROBUSTA; ALOCASIA SARAWAKENSIS
The Cultivated Alocasia | David Burnett | Aroideana,https://www.aroid.org/aroideana/aroideana-v7n3,aroid.org,11,ALOCASIA BOA; ALOCASIA CUPREA; ALOCASIA HETEROPHYLLA; ALOCASIA HOLLRUNGII; ALOCASIA LONGILOBA; ALOCASIA ODORA ‘CALIFORNIA’; ALOCASIA REGINAE; ALOCASIA REVERSA; ALOCASIA SANDERIANA; ALOCASIA SCALPRUM; ALOCASIA ZEBRINA ‘TIGRINA’
Curtis' Botanical Magazine 17:16 (2000),https://www.jstor.org/stable/i40216097,jstor.org,1,ALOCASIA NEBULA
Curtis' Botanical Magazine v.89 ser.3 v.19 (1863) Tab 5376,https://www.biodiversitylibrary.org/page/438994,biodiversitylibrary.org,1,ALOCASIA LONGILOBA
Curtis’ Botanical Magazine 139 ser.4:v.9 (1913),https://www.biodiversitylibrary.org/page/472371,biodiversitylibrary.org,1,ALOCASIA MICHOLITZIANA
Curtis’ Botanical Magazine 14: P.84 (1997),https://www.jstor.org/stable/45065223,jstor.org,1,ALOCASIA MELO
"Curtis’s Botanical Magazine V.122, Ser. 3 V.52 (1896)",https://www.biodiversitylibrary.org/page/454015,biodiversitylibrary.org,1,ALOCASIA REVERSA
David Burnett: The Cultivated Alocasia,http://www.aroid.org/aroideana/artpage.php?key=MDA3MzQwMQ%3D%3DE,aroid.org,1,ALOCASIA MICHOLITZIANA
eFlora of India,https://efloraofindia.com/efi/alocasia-decipiens/,efloraofindia.com,1,ALOCASIA DECIPIENS
Enumeratio plantarum omnium hucusque cognitarum v.3 P.41 (1841),https://www.biodiversitylibrary.org/page/7414294,biodiversitylibrary.org,1,ALOCASIA FORNICATA
Exotic Rainforest,https://www.exoticrainforest.com/Alocasia%20zebrina%20pc.html,exoticrainforest.com,2,ALOCASIA ZEBRINA ‘RETICULATA’; ALOCASIA ZEBRINA ‘TIGRINA’
Flora cochinchinensis T.2 P.536 (1790),https://www.biodiversitylibrary.org/page/654229,biodiversitylibrary.org,1,ALOCASIA CUCULLATA
Flora Hongkongensis (1861) P.343,https://www.biodiversitylibrary.org/page/18413588,biodiversitylibrary.org,1,ALOCASIA INDICA**
The Flora of British India (UK) V.6 (1894) Page 527,https://www.biodiversitylibrary.org/page/18708409,biodiversitylibrary.org,2,ALOCASIA ACUMINATA; ALOCASIA FALLAX
The Flora of British India v.6: 526 (1894),https://www.biodiversitylibrary.org/page/18708408,biodiversitylibrary.org,1,ALOCASIA FORNICATA
A Flora of Manila P.132 (1912),https://www.biodiversitylibrary.org/bibliography/10789,biodiversitylibrary.org,1,ALOCASIA SANDERIANA
Flora van Nederlandsch Indie v.3 (1856) P. 207,https://www.biodiversitylibrary.org/page/4861591,biodiversitylibrary.org,1,ALOCASIA LONGILOBA
Flore des serres et des jardins de l’Europe v.17 (1867-68) P. 168,https://www.biodiversitylibrary.org/page/27764849,biodiversitylibrary.org,1,ALOCASIA LONGILOBA
"Flore générale de l'Indo-Chine (France) Gagnepain, François; Humbert, H.; Lecomte, Henri t. 6 (1942) Page 1148",https://www.biodiversitylibrary.org/page/39218786,biodiversitylibrary.org,2,ALOCASIA DECUMBENS; ALOCASIA HAINANICA
Flore générale de l'Indo-Chine (France) v6 (1942) Page 1150,https://www.biodiversitylibrary.org/page/60749800,biodiversitylibrary.org,1,ALOCASIA EVRARDII
Flore générale de l'Indo-Chine (v.6: P.1151),https://www.biodiversitylibrary.org/page/60749801,biodiversitylibrary.org,1,ALOCASIA LECOMTEI
Gard. Bull. Singapore 50: 270 (1998),https://www.biodiversitylibrary.org/page/43660575,biodiversitylibrary.org,1,ALOCASIA WONGII
Gard. Bull. Singapore 50: 292 (1998),https://www.biodiversitylibrary.org/page/43660597,biodiversitylibrary.org,1,ALOCASIA FLEMINGIANA
Gard. Bull. Singapore 58: 142 (2007),https://www.biodiversitylibrary.org/page/43572760,biodiversitylibrary.org,1,ALOCASIA CHAII
The Garden's Bulleting Singapore 51: 29 (1999),https://www.biodiversitylibrary.org/page/43578419,biodiversitylibrary.org,1,ALOCASIA SANDERIANA
The Garden's Bulleting Singapore 51: 9 (1999),https://archive.org/details/gardensbulletins451unse/page/n7/mode/2up,archive.org,1,ALOCASIA BOYCEANA
The Garden: an illustrated weekly journal of gardening in all its branches V.16 P216 (1879),https://www.biodiversitylibrary.org/page/26851623,biodiversitylibrary.org,1,ALOCASIA SCABRIUSCULA
The Garden: an illustrated weekly journal of gardening in all its branches V.16 P232 (1879),https://www.biodiversitylibrary.org/page/26851639,biodiversitylibrary.org,1,ALOCASIA SCABRIUSCULA
The Gardener's Chronicle V.24 P.678 (1885),https://www.biodiversitylibrary.org/page/26055148,biodiversitylibrary.org,1,ALOCASIA SINUATA
The Gardeners' chronicle :a weekly illustrated journal of horticulture and allied subjects (Ser.3:v.23:243) (1891),https://www.biodiversitylibrary.org/page/25903255,biodiversitylibrary.org,1,ALOCASIA LAUTERBACHIANA
The Gardeners' chronicle and agricultural gazette (1862),https://www.biodiversitylibrary.org/page/32988702,biodiversitylibrary.org,1,ALOCASIA ZEBRINA
The Gardeners' chronicle ser.3 v.51. Supplement XVI (1912),https://www.biodiversitylibrary.org/page/32864955,biodiversitylibrary.org,1,ALOCASIA MICHOLITZIANA
"The Gardeners' chronicle, ser. 3, 8: 38 (1890)",https://www.biodiversitylibrary.org/page/25924618,biodiversitylibrary.org,1,ALOCASIA REVERSA
The Gardeners' chronicle: a weekly illustrated journal of horticulture and allied subjects 21: 711 (1884),https://www.biodiversitylibrary.org/page/26110555,biodiversitylibrary.org,1,ALOCASIA REGINAE
The Gardeners' chronicle: a weekly illustrated journal of horticulture and allied subjects V.12 P.296 (1879),https://www.biodiversitylibrary.org/page/26046478,biodiversitylibrary.org,1,ALOCASIA SCABRIUSCULA
The Gardeners' chronicle: a weekly illustrated journal of horticulture and allied subjects v24 P.183 (1885),https://www.biodiversitylibrary.org/page/26054647,biodiversitylibrary.org,1,ALOCASIA SANDERIANA
The gardening world illustrated v.1 (1885) P.341,https://www.biodiversitylibrary.org/page/58970770,biodiversitylibrary.org,1,ALOCASIA SANDERIANA
The gardening world illustrated v.10 (1893-1894) P.405,https://www.biodiversitylibrary.org/page/58968730,biodiversitylibrary.org,1,ALOCASIA SANDERIANA
The Gardens' Bulletin Singapore,https://archive.org/details/gardensbulletins451unse/page/12/mode/2up,archive.org,1,ALOCASIA CLYPEOLATA
Gardens' Bulletin Singapore 50:286 (1998),https://www.biodiversitylibrary.org/page/43660591,biodiversitylibrary.org,1,ALOCASIA INORNATA
Gardens' Bulletin Singapore 58: 145 (2007),https://www.biodiversitylibrary.org/page/43572764,biodiversitylibrary.org,1,ALOCASIA INFERNALIS
The Gardens' bulletin Singapore: Alocasia in West Malesia and Sulawesi,https://www.biodiversitylibrary.org/page/43660618,biodiversitylibrary.org,1,ALOCASIA CELEBICA
"The Gardens' bulletin, Singapore [ser.4]:V50 P320",https://www.biodiversitylibrary.org/page/43660625,biodiversitylibrary.org,1,ALOCASIA MINUSCULA
"The Gardens' Bulleting, Singapore: The genus Alocasia in West Malesia and Sulawesi ser 4:v.50 Page 291",https://www.biodiversitylibrary.org/page/43660596,biodiversitylibrary.org,1,ALOCASIA BALGOOYI
"The Gardens' Bulleting, Singapore: The genus Alocasia in West Malesia and Sulawesi ser 4:v.50 Page 318",https://www.biodiversitylibrary.org/page/43660623,biodiversitylibrary.org,1,ALOCASIA BECCARII
The Gardens’ Bulletin Singapore 50 (1998) P.299,https://www.biodiversitylibrary.org/page/43660604,biodiversitylibrary.org,1,ALOCASIA LONGILOBA
Gardens’ Bulletin Singapore 50 (322) (1998),https://www.biodiversitylibrary.org/page/43660627,biodiversitylibrary.org,1,ALOCASIA KERINCIENSIS
Gardens’ Bulletin Singapore 50 P.242 (1998),https://www.biodiversitylibrary.org/page/43660547,biodiversitylibrary.org,1,ALOCASIA PUBER
Gardens’ Bulletin Singapore 50 P.247 (1998),https://www.biodiversitylibrary.org/page/43660552,biodiversitylibrary.org,1,ALOCASIA SARAWAKENSIS
Gardens’ Bulletin Singapore 50 P.257 (1998),https://www.biodiversitylibrary.org/page/43660562,biodiversitylibrary.org,1,ALOCASIA REGINAE
Gardens’ Bulletin Singapore 50 P.258 (1998),https://www.biodiversitylibrary.org/page/43660563,biodiversitylibrary.org,1,ALOCASIA REGINULA
Gardens’ Bulletin Singapore 50 P.263 (1998),https://www.biodiversitylibrary.org/page/43660568,biodiversitylibrary.org,1,ALOCASIA RIDLEYI
Gardens’ Bulletin Singapore 50 P.266 (1998),https://www.biodiversitylibrary.org/page/43660571,biodiversitylibrary.org,1,ALOCASIA PRINCEPS
Gardens’ Bulletin Singapore 50 P.275 (1998),https://www.biodiversitylibrary.org/page/43660580,biodiversitylibrary.org,1,ALOCASIA PUTERI
Gardens’ Bulletin Singapore 50 P.277 (1998),https://www.biodiversitylibrary.org/page/43660582,biodiversitylibrary.org,1,ALOCASIA PRINCIPICULUS
Gardens’ Bulletin Singapore 50 P.279 (1998),https://www.biodiversitylibrary.org/page/43660584,biodiversitylibrary.org,1,ALOCASIA REVERSA
Gardens’ Bulletin Singapore 50: P.249 (1998),https://www.biodiversitylibrary.org/page/43660554,biodiversitylibrary.org,1,ALOCASIA ROBUSTA
Gardens’ Bulletin Singapore 50: P.260 (1998),https://www.biodiversitylibrary.org/page/43660565,biodiversitylibrary.org,1,ALOCASIA MELO
Gardens’ Bulletin Singapore 50: P.273 (1998),https://www.biodiversitylibrary.org/page/43660578,biodiversitylibrary.org,2,ALOCASIA PANGERAN; ALOCASIA PELTATA
Gardens’ Bulletin Singapore 50: P.316 (1998),https://www.biodiversitylibrary.org/page/43660621,biodiversitylibrary.org,1,ALOCASIA PERAKENSIS
Gardens’ Bulletin Singapore 51 P.27 (1999),https://www.biodiversitylibrary.org/page/43578417#page/39/mode/1up,biodiversitylibrary.org,1,ALOCASIA RAMOSII
Gardens’ Bulletin Singapore 51: P.24 (1999),https://www.biodiversitylibrary.org/page/43578414,biodiversitylibrary.org,1,ALOCASIA MICHOLITZIANA
Gardens’ Bulletin Singapore 51: P.26 (1999),https://www.biodiversitylibrary.org/page/43578415,biodiversitylibrary.org,1,ALOCASIA PORTEI
Gardens’ Bulletin Singapore 62 (1): 121-126 (2010),https://www.biodiversitylibrary.org/page/43634241#page/125/mode/1up,biodiversitylibrary.org,1,ALOCASIA JIEWHOEI
"The Gardens’ Bulletin, Singapore v.51",https://www.biodiversitylibrary.org/page/43578404,biodiversitylibrary.org,1,ALOCASIA CULIONENSIS
"The Gardens’ Bulletin, Singapore | Page 325",https://www.biodiversitylibrary.org/page/43660630,biodiversitylibrary.org,1,ALOCASIA CUPREA
The Garden’s Bulletin Singapore V.50 P.281 (1998),https://www.biodiversitylibrary.org/page/43660586,biodiversitylibrary.org,1,ALOCASIA VENUSTA
The Garden’s Bulletin Singapore V.50 P.314 (1998),https://www.biodiversitylibrary.org/page/43660619,biodiversitylibrary.org,1,ALOCASIA SUHIRMANIANA
The Garden’s Bulletin Singapore V.51 P.30 (1999),https://www.biodiversitylibrary.org/page/43578420,biodiversitylibrary.org,1,ALOCASIA SCALPRUM
The Garden’s Bulletin Singapore V.51 P.33 (1999),"Notes: Alocasia sinuata is botanically poorly known, though it has been in cultivation for over a century. Two forms exist in cultivation today under the names Alocasia Quilted Dreams and Alocasia Bullata (the latter used as a pseudobinomial but it is botanically invalid). I have seen only one collection from the wild, unfortunately without habitat notes. The type was at first said to have originated in the 'Malay Archipelago' (N.E. Brown, loc. cit.). However, the label has subsequently been altered in Brown's hand to indicate that the plant originated in the Philippines. Observations on the species' alleged large size made by W. Bull which Brown (loc. cit.) quoted ( k a full grown plant would be about 4 or 5 feet in diameter'), notwithstanding the much smaller dimensions of the type plant and matching material, are evidently incorrect (other material examined is somewhat smaller than the type). The collection cited below originating in Palawan is included with some doubt as the sterile interstice is much attenuated and the secondary venation seems not to form subsidiary veins. In other respects, however, the specimen matches A. sinuata. Other specimens seen: Cult. University of Florida Agricultural Research Station ex Leyte Island, Croat 56900 (MO); Cult. Missouri Botanical Garden ex cult. Manila Memorial Park, Croat 57106 (MO); Cult. Missouri Botanical Garden ex Palawan, Croat 57188 (MO); Mindanao, Surigao Prov., without specific locality, Ramos & Pascasio BS 34353 (K, US).",,1,ALOCASIA SINUATA
The Gardner’s Chronicle ser.3:v.13 (1893) P.613,https://www.biodiversitylibrary.org/page/25896725,biodiversitylibrary.org,1,ALOCASIA LONGILOBA
Die Gartenwelt J.15 (1911),https://www.biodiversitylibrary.org/page/6617453,biodiversitylibrary.org,1,ALOCASIA CUPREA
Die Gartenwelt J.15 (1911),https://www.biodiversitylibrary.org/page/6617452,biodiversitylibrary.org,1,ALOCASIA ZEBRINA
The genus Alocasia (Araceae) in. Australasia. A. Hay | Blumea 35: 537 (1991),https://repository.naturalis.nl/document/566153,repository.naturalis.nl,5,ALOCASIA AEQUILOBA; ALOCASIA BOA; ALOCASIA FLABELLIFERA; ALOCASIA MONTICOLA; ALOCASIA NICOLSONII
Global history of the ancient monocot family Araceae,https://nph.onlinelibrary.wiley.com/doi/10.1111/j.1469-8137.2012.04220.x,nph.onlinelibrary.wiley.com,1,ALOCASIA ODORA ‘CALIFORNIA’
"H.G.A.Engler, Das Pflanzenreich, Heft 70-71:91 (1919-1920)",https://www.biodiversitylibrary.org/page/16814974,biodiversitylibrary.org,1,ALOCASIA HAINANICA
"H.G.A.Engler, Das Pflanzenreich, Heft 71 IV, 23E: 93 (1920)",https://bibdigital.rjb.csic.es/viewer/10006/?offset=#page=87&viewer=picture&o=bookmark&n=0&q=,bibdigital.rjb.csic.es,4,ALOCASIA AEQUILOBA; ALOCASIA BECCARII; ALOCASIA GRATA; ALOCASIA ODORA ‘CALIFORNIA’
Histoire naturelle des végétaux V.12 (1846) P.47,https://www.biodiversitylibrary.org/page/31474748,biodiversitylibrary.org,1,ALOCASIA INDICA**
Histoire naturelle des végétaux V12 P46 (1946),https://www.biodiversitylibrary.org/page/31474747,biodiversitylibrary.org,1,ALOCASIA ODORA
IAS Archives,http://www.aroid.org/aroidl-archive/showthread.php?id=6180,aroid.org,1,ALOCASIA NEBULA
Icones Plantarum India Orientalis Vol. 3 (1846) Plate 794,https://www.biodiversitylibrary.org/page/48087423,biodiversitylibrary.org,1,ALOCASIA INDICA**
Icones Plantarum Indiae Orientalis v.3. P.792 (1846),https://www.biodiversitylibrary.org/page/2932766,biodiversitylibrary.org,1,ALOCASIA FORNICATA
"L'Illustration horticole : journal spécial des serres et des jardins, ou choix raisonné des plantes les plus intérressantes sous le rapport ornemental, comprenant leur histoire complete, leur description v.33 (1886) Page 97",https://www.biodiversitylibrary.org/page/15249428,biodiversitylibrary.org,1,ALOCASIA DEVANSAYANA
L'Illustration Horticole v.29 (1882) P.11,https://www.biodiversitylibrary.org/page/15849223,biodiversitylibrary.org,1,ALOCASIA LONGILOBA
L’Illustration horticole v.43 P.267 (1896),https://www.biodiversitylibrary.org/page/15949605,biodiversitylibrary.org,1,ALOCASIA SANDERIANA
Illustrations of useful plants of the southern region (1944-1945) P.613,https://archive.org/details/nanpoykenyuyyoy00wataa/page/612/mode/2up,archive.org,1,ALOCASIA CUCULLATA
Illustrations of useful plants of the southern region (1944-1945) P.614,https://archive.org/details/nanpoykenyuyyoy00wataa/page/614/mode/2up,archive.org,1,ALOCASIA MACRORRHIZOS
Index seminum in horto botanico Berolinensi (1854) P.6,https://seedlists.naturalis.nl/content/caladium-cupreum-ckoch-bouch%C3%A9,seedlists.naturalis.nl,1,ALOCASIA CUPREA
Japanese Agriculture in the early 19th century (Seikei Zusetsu),https://digitalcollections.universiteitleiden.nl/view/item/938353,digitalcollections.universiteitleiden.nl,1,ALOCASIA MACRORRHIZOS
Le Jardin (P. 153) (1898),https://www.biodiversitylibrary.org/page/9147378,biodiversitylibrary.org,1,ALOCASIA LAUTERBACHIANA
Jardinerong Sunog,https://jardinerongsunog.blogspot.com/2020/09/distinguishing-alocasia-boyceana.html?q=boyceana,jardinerongsunog.blogspot.com,1,ALOCASIA BOYCEANA
Jardinerong Sunog’s Blog,https://jardinerongsunog.blogspot.com/2020/09/distinguishing-alocasia-boyceana.html?fbclid=IwAR3bAd1l9lGqQ3XkhU_yV09NFx3UsuvbdMdCtaoJzR8GVQ6PO4MGEl5W3NQ,jardinerongsunog.blogspot.com,1,ALOCASIA HETEROPHYLLA
Journal of Botanical Research Institute of Texas V1 N2 (P815-818) (2007),https://www.jstor.org/stable/41971497,jstor.org,1,ALOCASIA NYCTERIS
"Journal of Botany, British and Foreign 25: 205 (1887)",https://www.biodiversitylibrary.org/page/35140742,biodiversitylibrary.org,1,ALOCASIA PERAKENSIS
"The journal of horticulture, cottage gardener and home farmer ser. 3, v. 26 (1893)",https://www.biodiversitylibrary.org/page/55539387,biodiversitylibrary.org,1,ALOCASIA SANDERIANA
The Journal of the Linnean Society Botany v36:183,https://www.biodiversitylibrary.org/page/177991,biodiversitylibrary.org,1,ALOCASIA HAINANICA
Kew Gardens | Bulletin of miscellaneous information (UK 1895) Page 119,https://www.biodiversitylibrary.org/page/40984671,biodiversitylibrary.org,1,ALOCASIA AEQUILOBA
Alocasia alba (Araceae) in Southern Sumatra: further distribution recorded,https://www.researchgate.net/publication/338254408_Alocasia_alba_Araceae_in_Southern_Sumatra_further_distribution_recorded,researchgate.net,1,ALOCASIA ALBA
"Alocasia alba - Curtis’ Botanical Magazine Vol. 17, No. 4 (2000) P.216-220",https://www.jstor.org/stable/45065456?read-now=1&seq=1#page_scan_tab_contents,jstor.org,1,ALOCASIA ALBA
"Alocasia Amazonica (Steve Lucas, 2009)",https://www.exoticrainforest.com/Alocasia%20micholitziana%20%20pc.html,exoticrainforest.com,1,ALOCASIA ‘AMAZONICA’
"Alocasia tandurusaPrameswara & A.Hay, A new (bi)pinnatifid-leaved species from Sulawesi [Araceae, tribe Alocasieae (Schott) A.Hay]",https://www.researchgate.net/publication/374294996_Alocasia_tandurusa_Prameswara_AHay_A_new_bipinnatifid-leaved_species_from_Sulawesi_Araceae_tribe_Alocasieae_Schott_AHay_with_notes_on_tribal_classification_for_the_paraphyletic_grade_of_%27Old_World_Col,researchgate.net,1,ALOCASIA TANDURUSA
Marina Skotnikova,https://www.plantarium.ru/lang/en/page/image/id/402059.html,plantarium.ru,1,ALOCASIA DECIPIENS
Marius Porte: short biography,http://bernard.lagrelle.pagesperso-orange.fr/AA%20personnages/MARIUS%20PORTE/MARIUS%20PORTE.htm,bernard.lagrelle.pagesperso-orange.fr,1,ALOCASIA PORTEI
Meded. Lands Plantentuin 19: 299 (1898),https://books.googleusercontent.com/books/content?req=AKW5QacYKh75owomfwS2dipQH9_fCK6sjE47b-jvU_5MkxOJMS8MQQn4MI_T25AIIxFpOi6hSNPWqwa9TNyluhACYAXLBBRYDgUlWcJjTYoNu-vbvWhFDOqzL9-AQtmK1Rd1m0Ehwno5E1-IkX5IAgXvPA1quA_kyZtHNpgvIZrAB47gONoWcPux2noZXsOwrGaK7nb5gn9dWgDbCLJZeeZbhCX1tHvJYVdVfD2F0r1nxjdQ0nJj6uwdXil0k2nvKAoEN94OwN0HOOfP6wc2VBGcdMBCNKg2QMjMaumNnhd6mfeOqV0GQvw,books.googleusercontent.com,1,ALOCASIA CELEBICA
Mededeelingen van's Rijks Herbarium 26:7 (1915),https://www.biodiversitylibrary.org/page/13684390,biodiversitylibrary.org,1,ALOCASIA INORNATA
Morphological and Anatomical variations among Alocasia alba accessions in Bali Botanical Garden | Journal of Tropical Biodiversity and Biotechnology (2022),https://www.researchgate.net/publication/358585539_Morphological_and_Anatomical_Variations_among_Alocasia_alba_Schott_Accessions_in_Bali_Botanic_Garden?fbclid=IwY2xjawIN1lVleHRuA2FlbQIxMAABHbEtf3G9qw6ST5uq6UFuDEABaiNE_6QxJ6SQnkm1Cqq1NX-ifk79ZYroXQ_aem_yKzScDVoR8YqZTIMT7tv-g,researchgate.net,1,ALOCASIA ALBA
"Nguyen V. D., Croat T. B., Luu H. T., Lee C. Y., Lee J. & de Kok R.: Two new species of Alocasia (Araceae, Colocasieae) from Vietnam. – Willdenowia 43: 293 – 299. December 2013. – ISSN 0511-9618; © 2013 BGBM Berlin-Dahlem.",http://dx.doi.org/10.3372/wi.43.43209,dx.doi.org,1,ALOCASIA EVRARDII
Annals of the Missouri Botanical Garden v.77 (1990) P.667,https://www.biodiversitylibrary.org/page/28001167,biodiversitylibrary.org,1,ALOCASIA PORTEI
Nova Guinea : résultats de l'expédition scientifique néerlandaise à la Nouvelle-Guinée (V8:807) (1912),https://www.biodiversitylibrary.org/page/11445407,biodiversitylibrary.org,1,ALOCASIA LANCIFOLIA
Nova Guinea V.8 Part 3 (1907-1909) P. 584,https://www.biodiversitylibrary.org/page/11435891,biodiversitylibrary.org,1,ALOCASIA AEQUILOBA
"Novitates Bruneienses, 6. Alocasia azlanii (Araceae), a New Species from Brunei",https://www.researchgate.net/publication/314703314_Novitates_Bruneienses_6_Alocasia_azlanii_Araceae_a_New_Species_from_Brunei,researchgate.net,1,ALOCASIA AZLANII
Antioxidant activity in extracts of two edible aroids,https://www.ijpsonline.com/articles/antioxidant-activity-in-the-extracts-of-two-edible-aroids.html?view=mobile,ijpsonline.com,1,ALOCASIA FORNICATA
Oesterreichisches botanisches Wochenblatt (Austria) v.2 (1852) Page 59,https://www.biodiversitylibrary.org/page/28304800,biodiversitylibrary.org,1,ALOCASIA ALBA
Oesterreichisches botanisches Wochenblatt 4: 410 (1854),https://www.biodiversitylibrary.org/page/9602615,biodiversitylibrary.org,1,ALOCASIA FORNICATA
"On the identity of Arum montanum and Alocasia gageana | Hay, Boyce & Hein",https://www.researchgate.net/publication/366123774_On_the_identity_of_Arum_montanum_Roxb_and_Alocasia_gageana_Engl_KKrause_-_two_earlier_names_pertaining_to_Englerarum_Nauheimer_PCBoyce_Araceae,researchgate.net,1,ALOCASIA ODORA ‘CALIFORNIA’
Das Pflanzenreich :regni vegetablilis conspectus (Heft 70-71: P. 90) (1919-1920),https://www.biodiversitylibrary.org/page/16814973,biodiversitylibrary.org,1,ALOCASIA LECOMTEI
Das Pflanzenreich v.71 (1920) Addendum P.132,https://www.biodiversitylibrary.org/page/16815015,biodiversitylibrary.org,1,ALOCASIA ATROPURPUREA
Das Pflanzenreich: regni vegetablilis conspectus v70-71 (1919-1920) Page 88,https://www.biodiversitylibrary.org/page/16814971,biodiversitylibrary.org,1,ALOCASIA DEVANSAYANA
Das Pflanzenreich:regni vegetablilis conspectus Heft 70-71 P.93 (1919),https://www.biodiversitylibrary.org/page/16814976,biodiversitylibrary.org,1,ALOCASIA NAVICULARIS
Pharmacographia indica V.3 (1892) P.544,https://www.biodiversitylibrary.org/page/9503082,biodiversitylibrary.org,1,ALOCASIA INDICA**
Philippine Alocasia Resource Center,https://sites.google.com/view/philippinealocasias/species-groups/ph-species-groups/odora-ph/a-micholitziana?authuser=0,sites.google.com,1,ALOCASIA MICHOLITZIANA
Philippine Alocasia Resource Center,https://sites.google.com/view/philippinealocasias/species-groups/ph-species-groups/longiloba-ph/a-sanderiana?authuser=0,sites.google.com,1,ALOCASIA SANDERIANA
Philippine Alocasia Resource Center,https://sites.google.com/view/philippinealocasias/species-groups/ph-species-groups/scabriuscula-ph/a-scalprum,sites.google.com,1,ALOCASIA SCALPRUM
Philippine Alocasia Resource Center,https://sites.google.com/view/philippinealocasias/species-groups/ph-species-groups/scabriuscula-ph/a-sinuata?authuser=0,sites.google.com,1,ALOCASIA SINUATA
The Philippine Journal of Science v.13 (1918) P.3,https://www.biodiversitylibrary.org/page/51234478,biodiversitylibrary.org,1,ALOCASIA MAQUILINGENSIS
"The Philippine journal of science, C 3: 220 (1908)",https://www.biodiversitylibrary.org/page/673401,biodiversitylibrary.org,1,ALOCASIA HETEROPHYLLA
Photos by Patrick Blanc,https://www.verticalgardenpatrickblanc.com/inspiration/forest-understory?page=9,verticalgardenpatrickblanc.com,1,ALOCASIA BALGOOYI
Phylogenetics of the plant family Araceae,https://www.sciencedirect.com/science/article/pii/S1055790314000682,sciencedirect.com,1,ALOCASIA ODORA ‘CALIFORNIA’
PhytoKeys Volume 249 (2024) P. 223-229,https://www.sciencedirect.com/org/science/article/pii/S1314201124001954,sciencedirect.com,2,ALOCASIA EPILITHICA; ALOCASIA ROSEUS
Phytotaxa 436 (2): 097–103,https://www.biotaxa.org/Phytotaxa/article/view/phytotaxa.436.2.1,biotaxa.org,1,ALOCASIA LIHENGIAE
"Phytotaxa 460: 278 (2020): Taxonomic notes on the Alocasia-Colocasia Clade (Araceae) in China I: Alocasia yunqiana, a new species from Tongbiguan Nature Reserve, Yunnan Province",https://www.researchgate.net/publication/345780755_Taxonomic_notes_on_the_Alocasia-Colocasia_Clade_Araceae_in_China_I_Alocasia_yunqiana_a_new_species_from_Tongbiguan_Nature_Reserve_Yunnan_Province,researchgate.net,3,ALOCASIA SAKONAKHONENSIS; ALOCASIA YUNQIANA; ALOCASIA ZEBRINA
"Pollination mutualism between Alocasia macrorrhizos (Araceae) and two taxonomically undescribed Colocasiomyia species (Diptera: Drosophilidae) in Sabah, Borneo, Kohei Takenaka Takano, Rimi Repin, Maryati Mohamed, Masanori J. Toda",https://www.researchgate.net/publication/221790635_Pollination_mutualism_between_Alocasia_macrorrhizos_Araceae_and_two_taxonomically_undescribed_Colocasiomyia_species_Diptera_Drosophilidae_in_Sabah_Borneo,researchgate.net,1,ALOCASIA MACRORRHIZOS
Proceedings of the Royal Horticultural Society London v.1 (1859) P.77,https://www.biodiversitylibrary.org/page/11163508,biodiversitylibrary.org,1,ALOCASIA CUPREA
Revue Horticole (1920) P.104-105,https://www.biodiversitylibrary.org/page/49712533,biodiversitylibrary.org,1,ALOCASIA INDICA**
"Revue Horticole (Paris), n.s., 26: 326 (1939)",https://bibliotheque-numerique.hortalia.org/items/viewer/361#page/n31/mode/1up,bibliotheque-numerique.hortalia.org,1,ALOCASIA CADIERI
"Armitage’s Manual of Annuals, Biennials, and Half-Hardy Perennials",https://www.amazon.com/Armitages-Annuals-Biennials-Half-Hardy-Perennials/dp/1604694289,amazon.com,1,ALOCASIA MICHOLITZIANA
"Robert Sweet, Hortus Britannicus., 3rd edition: (1839) P. 631",https://archive.org/details/SweetsHortusBritannicusOrACatalogueOfPlantsCultivatedInTheGardensOfGreatBritainRobertSweet1839/page/630/mode/2up?q=alocasia,archive.org,1,ALOCASIA MACRORRHIZOS
Aroid-L,https://www.hort.net/lists/aroid-l/,hort.net,1,ALOCASIA ZEBRINA ‘RETICULATA’
Aroideana 25: 70,https://www.aroid.org/aroideana/search/scripts/flex_index.php?vol_number=25,aroid.org,1,ALOCASIA MEGAWATIAE
Aroideana Vol 12 (1989) P.26-31,https://www.aroid.org/aroideana/aroideana-v12,aroid.org,1,ALOCASIA BRISBANENSIS
Aroideana Vol 21 (1998) P.13-21,https://www.aroid.org/aroideana/aroideana-v21,aroid.org,1,ALOCASIA BRISBANENSIS
Aroideana Vol 24 (2001) P.66-68,https://www.aroid.org/aroideana/aroideana-v24,aroid.org,1,ALOCASIA BRISBANENSIS
Aroideana Vol 28 (2005) P.101-103,https://www.aroid.org/aroideana/aroideana-v28,aroid.org,1,ALOCASIA BRISBANENSIS
Aroideana Volume 6-3,http://www.aroid.org/aroideana/artpage.php?key=MDA2MDMwNg%3D%3DU,aroid.org,1,ALOCASIA ODORA ‘CALIFORNIA’
Aroidia Research,http://www.aroidiaresearch.org/gageana.htm,aroidiaresearch.org,1,ALOCASIA ODORA ‘CALIFORNIA’
Aroidia Research -Alocasia robusta,https://aroidiaresearch.org/alorobu.htm,aroidiaresearch.org,1,ALOCASIA ROBUSTA
Aroidia Research -Alocasia robustaandNephrolepsisferns,https://aroidiaresearch.org/robufern.htm,aroidiaresearch.org,1,ALOCASIA ROBUSTA
Aroidpictures.fr,http://www.aroidpictures.fr/GENERA/ALOCASIA/alocinornata.html,aroidpictures.fr,1,ALOCASIA INORNATA
Aroids Papua New Guinea: 31 (1990),https://www.researchgate.net/publication/371077157_Aroids_of_Papua_New_Guinea,researchgate.net,5,ALOCASIA BRANCIFOLIA; ALOCASIA FLABELLIFERA; ALOCASIA LAUTERBACHIANA; ALOCASIA NICOLSONII; ALOCASIA PYROSPATHA
The standard encylopedia of horticulture v.1 (1917) P.255,https://www.biodiversitylibrary.org/page/20554115,biodiversitylibrary.org,1,ALOCASIA CUPREA
Lester Kallus Personal Website,http://www.kallus.com/aroids/alocasia/freydyk.htm,kallus.com,1,ALOCASIA MICHOLITZIANA
Studies on the Alocasia clade (Araceae) of Peninsular Malaysia I: Alocasia farisii sp. nov. from limestone in Kelantan | Nordic Journal of Botany - April 2017,https://www.researchgate.net/publication/316500892_Studies_on_the_Alocasia_clade_Araceae_of_Peninsular_Malaysia_I_Alocasia_farisii_sp_nov_from_limestone_in_Kelantan?_esc=publicationCoverPdf&el=1_x_3&enrichId=rgreq-48a354ad2e27a78bc78f2bd5bf805a03-XXX&enrichSource=Y292ZXJQYWdlOzMxNjUwMDg5MjtBUzo4OTUyNTczOTkwMDUxODVAMTU5MDQ1NzQwNTgyNQ%3D%3D,researchgate.net,1,ALOCASIA FARISII
"Studies on the Alocasia Schott (Araceae) of Borneo III: Alocasia puncakborneensis, a new species belonging to the Princeps Complex (2020)",https://www.researchgate.net/publication/342976278_Studies_on_the_Alocasia_Schott_Araceae_of_Borneo_III_Alocasia_puncakborneensis_a_new_species_belonging_to_the_Princeps_Complex,researchgate.net,1,ALOCASIA PUNCAKBORNEENSIS
"Studies on the Alocasia Schott (Araceae-Colocasieae) of Borneo II: Alocasia baginda, a New Species from Eastern Kalimantan, Indonesian Borneo",https://www.researchgate.net/publication/308522698_Studies_on_the_Alocasia_Schott_Araceae-Colocasieae_of_Borneo_II_Alocasia_baginda_a_new_species_from_East_Kalimantan_Indonesian_Borneo,researchgate.net,1,ALOCASIA BAGINDA
"Studies on the Araceae of the Lesser Sunda Islands I: New distribution records for Alocasia alba | Agung Kurniawan1, Ni Putu Sri Asih, Yuzammi, and Peter C. Boyce | Gardens’ Bulletin Singapore 65(2): 157–162. 2013",https://www.aroid.org/gallery/boyce/Araceae%20of%20Lesser%20Sunda%20Islands%20I%20-%20Alocasia%20alba%20-%20%5BGardens%27%20Bulletin%20Singapore%2065%282%29%20157-162%5D%20-%20Kurniawan%20et%20al%202013.pdf,aroid.org,1,ALOCASIA ALBA
Sweet’s Hortus Britannicus (1839) P.631,https://archive.org/details/SweetsHortusBritannicusOrACatalogueOfPlantsCultivatedInTheGardensOfGreatBritainRobertSweet1839/page/630/mode/2up,archive.org,1,ALOCASIA CUCULLATA
Synopsis Aroidearum complectens enumerationem systematicam generum et specierum (1856) P.47,https://books.google.co.uk/books?cad=0&id=Mjs-AAAAcAAJ&printsec=frontcover&source=gbs_ge_summary_r#v=onepage&q=puber&f=false,books.google.co.uk,1,ALOCASIA PUBER
Telopea: Journal of Plant Systematics V.7 No.4 P..303 (1998),https://www.biodiversitylibrary.org/page/57840696,biodiversitylibrary.org,1,ALOCASIA SUHIRMANIANA
"Thai Forest Bull., Bot. 36: 9 (2008)",https://li01.tci-thaijo.org/index.php/ThaiForestBulletin/article/view/24171/20557,li01.tci-thaijo.org,1,ALOCASIA HYPOLEUCA
Threads,https://www.threads.com/@alocasia.hachinana/post/DJKdZXIhjZf/alocasia-sp-yata-celebes%E9%9B%85%E5%A1%94%E8%A7%80%E9%9F%B3%E8%93%AE%E6%98%AF%E5%80%8B%E6%9C%AA%E5%AE%9A%E7%A8%AE%E7%9A%84%E8%A7%80%E9%9F%B3%E8%93%AE%E7%94%9F%E9%95%B7%E6%96%BC%E5%8D%B0%E5%B0%BCsulawesi%E8%98%87%E6%8B%89%E5%A8%81%E8%A5%BF%E5%B3%B6%E4%B8%8A%E7%95%B6%E5%9C%B0%E4%BA%BA%E4%B9%9F%E7%A8%B1%E8%98%87%E6%8B%89%E5%A8%81%E8%A5%BF%E7%82%BAcelebes%E5%8E%9F%E5%A7%8B%E7%94%A2%E5%9C%B0%E6%9C%89a,threads.com,1,ALOCASIA ‘YATA CELEBES’*
Three new species of Araceae from Bangladesh | Bangladesh Journal of Plant Taxonomy 25(2):227-239,https://www.researchgate.net/publication/329994812_Three_new_species_of_Araceae_from_Bangladesh,researchgate.net,2,ALOCASIA HARARGANJENSIS; ALOCASIA SALARKHANII
"Update on Alocasia Cuprea - Distribution in North Kalimantan, Ni Putu Sri Asih et al (2022)",https://www.researchgate.net/publication/373848982_UPDATE_ON_ALOCASIA_CUPREA_KKOCH_DISTRIBUTION_IN_NORTH_KALIMANTAN,researchgate.net,1,ALOCASIA CUPREA
USDA GRIN Taxonomy,https://www.ars-grin.gov,ars-grin.gov,1,ALOCASIA ‘AMAZONICA’
Vegetations-Ansichten von Küstenländern und Inseln des Stillen Ozeans(1844-1846),https://digital.staatsbibliothek-berlin.de/werkansicht/?PPN=PPN646151673,digital.staatsbibliothek-berlin.de,1,ALOCASIA MACRORRHIZOS
Vertical Garden by Patrick Blanc,https://www.verticalgardenpatrickblanc.com/,verticalgardenpatrickblanc.com,10,ALOCASIA BALGOOYI; ALOCASIA BRANCIFOLIA; ALOCASIA CULIONENSIS; ALOCASIA INORNATA; ALOCASIA NICOLSONII; ALOCASIA PELTATA; ALOCASIA PERAKENSIS; ALOCASIA PRINCEPS; ALOCASIA ROBUSTA; ALOCASIA SARAWAKENSIS
Vietnam. J. Sci. Technol. 59(2): 80 (2017),https://vietnamscience.vjst.vn/index.php/vjste/article/view/307/293,vietnamscience.vjst.vn,1,ALOCASIA RIVULARIS
Willdenowia 43: 298 (2013),https://www.academia.edu/23410248/Two_new_species_of_Alocasia_Araceae_Colocasieae_from_Vietnam,academia.edu,1,ALOCASIA VIETNAMENSIS
William Bull Catalogue (1864-1865),http://www.biodiversitylibrary.org/page/49008075,biodiversitylibrary.org,1,ALOCASIA ZEBRINA ‘TIGRINA’
William Bull Catalogue (1884) P.11,https://www.biodiversitylibrary.org/page/49019859,biodiversitylibrary.org,1,ALOCASIA SANDERIANA
William Bull Nursery Catalogue (1888),https://www.biodiversitylibrary.org/page/49064869,biodiversitylibrary.org,1,ALOCASIA PRINCEPS
Wochenschrift des Vereines zur Beförderung des Gartenbaues in den Königlich Preussischen Staaten für Gärtnerei und Pflanzenkunde v4:141 (1861),https://www.biodiversitylibrary.org/page/4029305,biodiversitylibrary.org,1,ALOCASIA CUPREA
